cabin_id:ID(Cabane),osm_id:long,lat:float,lon:float,name,country_code
278081326,278081326,68.6290545,14.5642855,,NO
289250952,289250952,67.8511047,18.3165587,Singi Fjällstuga,SE
289257081,289257081,68.1364854,18.4154716,Alesjaure Fjällstuga,SE
289406212,289406212,68.2860102,18.5912708,Abiskojaure Fjällstuga,SE
339206155,339206155,67.9188831,18.6001108,Tarfala,SE
339206157,339206157,68.0313682,18.5958355,Vistasstuga,SE
339295282,339295282,68.017019,18.3939444,Fjällstuga Nallo,SE
339299832,339299832,67.6949032,18.1560562,Teusajaure Fjällstuga,SE
339299833,339299833,67.5818276,18.1006482,Vakkotavare Fjällstuga,SE
339299835,339299835,67.6346431,17.360798,Akka Fjällstuga,SE
339303441,339303441,67.1485794,18.3059078,Aktse Fjällstuga,SE
339305022,339305022,67.0470113,16.8844881,Vaimok Fjällstuga,SE
339405721,339405721,68.7637401,19.7202386,Ventebu,NO
339409575,339409575,68.2936571,17.9979207,Oallavagge,NO
342300361,342300361,67.8917834,18.3228673,Kuoperjåkka Rastskydd,SE
439171305,439171305,68.0838105,28.850136,Jussinmurusta laavu,FI
477425789,477425789,67.4129891,18.543063,,SE
477609336,477609336,67.7184156,17.4739861,,SE
494311759,494311759,68.4212152,18.6232313,,SE
510118756,510118756,67.7836243,24.8745915,Utsunkota,FI
534951417,534951417,69.707048,28.9850411,Kalliokoski  laavu,FI
534951419,534951419,69.691751,28.797989,Laavu,FI
534951420,534951420,69.6123879,29.0214325,Lauttajärvi  laavu,FI
534951421,534951421,69.5954278,28.9558306,Pikku Kirakkajärvi  laavu,FI
534951437,534951437,66.671562,25.342972,Yla-mellalampi laavu,FI
534951439,534951439,66.784038,26.238794,Ylinamma laavu,FI
534951443,534951443,66.6245463,26.2185261,Vikajarvi laavu,FI
534951448,534951448,66.646551,25.483026,Sinettajokisuu_LA,FI
534951449,534951449,66.6457312,25.4660266,Sinettajoki laavu,FI
534951453,534951453,66.98547,25.267049,Tolonen laavu,FI
534951455,534951455,66.6377117,27.1051608,Tunturilampi laavu,FI
534951458,534951458,67.1033271,25.0761332,Porokari laavu,FI
534951462,534951462,66.89893,25.132042,Pirttilammi laavu,FI
534951465,534951465,66.8607769,25.46876,Patakoski laavu,FI
534951466,534951466,66.582418,26.025045,Olkkajarvi,FI
534951469,534951469,66.609761,25.226438,Oitola_LA,FI
534951471,534951471,67.0469111,25.9296982,Niesi laavu,FI
534951476,534951476,66.9065185,25.3762075,Meltaus laavu,FI
534951478,534951478,66.775484,25.435204,Marraskoski laavu,FI
534951480,534951480,67.1626384,24.9552206,Lohiniva laavu,FI
534951481,534951481,66.6866075,25.4064597,Luonuajoki laavu,FI
534951482,534951482,66.6388918,25.3352032,Lehtojarvi laavu,FI
534951487,534951487,66.56566,25.696986,Kuninkaan laavu,FI
534951491,534951491,66.639093,26.63386,Kieli laavu,FI
534951492,534951492,66.958071,24.866389,Kienaja_KO,FI
534951496,534951496,66.9585064,26.1720288,Käyrästunturi laavu,FI
534951502,534951502,66.8487854,24.9530778,Isovaara laavu,FI
564239031,564239031,68.3646917,18.7845903,,SE
607067348,607067348,68.1147908,24.1455493,,FI
662443730,662443730,68.3335562,18.1266576,Stuor Kärpel rastskydd,SE
662719940,662719940,68.2413726,27.7015517,Salonlampi laavu,FI
662720285,662720285,68.4645659,27.2977743,Tolosjoen laavu,FI
662720339,662720339,68.2891695,27.5834025,Suomunlatva laavu,FI
670983395,670983395,67.2258443,29.2366168,Naruskantien kota,FI
701443741,701443741,67.5980298,24.2565192,Kesänginkeitaan laavu,FI
704638102,704638102,68.3306588,27.4269482,Sivakkaoja laavu,FI
826127471,826127471,66.9344022,14.3883396,,NO
1028024300,1028024300,69.6566363,18.7978055,,NO
1068906819,1068906819,66.7563993,28.8247953,Tunturilammen laavu,FI
1068906908,1068906908,66.7381282,28.8530772,Kaunisharjun laavu,FI
1071480077,1071480077,66.7665305,28.7992819,Itäkatos,FI
1071480209,1071480209,66.796185,28.6924322,Sirkan laavu,FI
1071481548,1071481548,66.7744668,28.754296,,FI
1077243399,1077243399,66.7539567,28.7665199,Laavu,FI
1077243620,1077243620,66.744162,28.7992513,Kontiolammen laavu,FI
1154358890,1154358890,69.3624639,28.5815575,Suolistaipale,FI
1167791816,1167791816,67.9167105,23.8011533,Olostunturi yläladun Laavu,FI
1167791835,1167791835,67.5770447,24.3473272,Kurkivuoman kota,FI
1167791845,1167791845,68.1013922,24.0925505,Sarvijärvi laavu 2,FI
1167791914,1167791914,68.0382391,23.8547089,Vuontisjärvi kota,FI
1167791992,1167791992,67.9438785,23.8941949,Siepinvaaran laavu,FI
1167792046,1167792046,67.6791721,24.3753854,Pyhäjärvi laavu,FI
1167792060,1167792060,67.982826,23.926467,Uusipalo laavu,FI
1167792073,1167792073,67.599097,24.2569692,Kesänkijärven laavu,FI
1167792085,1167792085,67.9102087,23.7796365,Olosvuoman laavu,FI
1167792180,1167792180,67.7833097,24.2680875,Linkujärvi kota,FI
1167792274,1167792274,68.1013545,24.092678,Sarvijärvi laavu 1,FI
1193250974,1193250974,67.8037505,24.8176761,,FI
1194231378,1194231378,67.800583,24.8599253,,FI
1194231385,1194231385,67.7808218,24.8485583,Kota,FI
1194231386,1194231386,67.7692982,24.8602369,Kota,FI
1194231393,1194231393,67.7992809,24.8719021,Kota,FI
1194231396,1194231396,67.7889026,24.847801,,FI
1211987849,1211987849,66.7093535,28.7725326,Lehtoaapa kota,FI
1223964079,1223964079,66.5844409,24.2012017,Alinen Alposjärvi_LA,FI
1223964081,1223964081,66.6273257,24.6008993,Himotussaari_Kota,FI
1223964090,1223964090,66.6240923,23.9669219,Lynx Neuvola_Kota,FI
1228943717,1228943717,66.8021667,28.8936463,Pitkälampi kota,FI
1228945681,1228945681,66.680569,28.8114203,Laavu,FI
1234376283,1234376283,66.9779371,27.0261337,Siurunsuu kota,FI
1261233626,1261233626,67.0205575,27.1756022,Laavu,FI
1286739783,1286739783,68.253934,28.0634515,Pälkkimäoja laavu,FI
1288154337,1288154337,69.3337155,21.9542572,Naustihytta,NO
1288154396,1288154396,69.259617,15.965949,Bleiksmarka dagsturhytte,NO
1288154416,1288154416,69.6237671,20.2650721,Vartohytta,NO
1288154428,1288154428,69.107973,15.8835633,Arlistua dagsturhytte,NO
1288154439,1288154439,69.9873805,19.5340074,"Gapahuk, Grunnfjord",NO
1288154440,1288154440,69.3851158,20.0015787,Steindalen skihytte,NO
1288227458,1288227458,67.4551585,15.9394134,Sørengammen,NO
1288227461,1288227461,66.9067478,14.1408841,Langvatn dagsturhytte,NO
1288227468,1288227468,67.4501537,16.0674228,Ragohytta,NO
1348454895,1348454895,69.7547831,23.933054,Joatkajávri fjellstue,NO
1356180414,1356180414,68.4438982,17.5304009,Funnhytta,NO
1356180437,1356180437,71.035327,25.5658237,Vannfjordhytta,NO
1356213509,1356213509,68.0508355,17.1333246,Baugebua,NO
1356213906,1356213906,69.8655221,23.8597134,Reinbukkelvhytta,NO
1356401961,1356401961,67.935601,17.9676443,Hukejaure Fjällstuga,SE
1356402043,1356402043,67.867933,18.6204283,Kebnekaise Restaurant,SE
1356402106,1356402106,67.5853103,17.0329786,Kutjaure Fjällstuga,SE
1356402131,1356402131,68.3345508,18.5012853,Kårsavagge Fjällstuga,SE
1356402628,1356402628,67.031666,16.5296498,Pieskehaure Fjällstuga,SE
1356402669,1356402669,68.9742092,20.3684751,Pältsa Fjällstuga,SE
1356402764,1356402764,67.7218205,17.4730415,Ritsem Fjällstation,SE
1356402863,1356402863,67.3940048,18.5204549,Saltoluokta Fjällstation,SE
1356403016,1356403016,67.8577848,17.6249135,Sitasjaure Fjällstuga,SE
1356403616,1356403616,67.9461644,18.2820478,Sälka Fjällstuga,SE
1356403665,1356403665,66.9902465,17.2915576,Tarrekaise Fjällstuga,SE
1356403681,1356403681,68.0515505,18.2416099,Tjäktja Fjällstuga,SE
1356403797,1356403797,67.6882349,17.2508621,Vaisaluokta Fjällstuga,SE
1356457509,1356457509,67.37372,16.80063,Árasluokta Fjällstuga,SE
1356457850,1356457850,69.8064524,23.4895015,Gargia fjellstue,NO
1356458023,1356458023,71.0614058,26.2212206,Helnes fyr,NO
1356458165,1356458165,67.0946269,16.0061069,Jakobsbakken fjellsenter,NO
1356458220,1356458220,68.3979478,17.9669667,Katterat fjellstue,NO
1356458236,1356458236,67.5595898,17.1992054,Kisuris Fjällstuga,SE
1356458317,1356458317,66.9537277,17.7196067,Kvikkjokk Fjällstation,SE
1356458353,1356458353,69.2094727,23.7550853,Láhpoluoppal Fjellstue,NO
1356458478,1356458478,67.4635469,16.9019034,Låddejåhkå Fjällstuga,SE
1356458489,1356458489,68.3985852,18.4608589,Låktatjåkkastugan,SE
1356458520,1356458520,69.072552,22.8470839,Madam Bongos Fjellstue,NO
1356458724,1356458724,69.5268513,24.9574398,Ravnastua fjellstue,NO
1356458860,1356458860,69.559623,21.3019953,Sappen leirskole og feriesenter,NO
1356458986,1356458986,67.2402687,16.5917288,Stáddajåhkå Fjällstuga,SE
1356459001,1356459001,67.3180938,16.6975135,Stáloluokta Fjällstuga,SE
1356459096,1356459096,69.5878764,23.5281444,Suolovuopmi Fjellstue,NO
1356699518,1356699518,68.124509,16.4032223,Kjøpsnes dagsturhytte,NO
1356699540,1356699540,68.5090608,14.7998913,Lillebrekka dagsturhytte,NO
1381920325,1381920325,68.1673243,13.667147,LOIF huken,NO
1437210125,1437210125,66.9499309,17.8060929,Sjnjerak,SE
1447578550,1447578550,68.3907229,28.0624388,Aittajärvi laavu,FI
1477716447,1477716447,66.589368,26.1259054,Karhukumpu laavu,FI
1576251261,1576251261,67.0403465,27.2216867,Niksun kota,FI
1659441109,1659441109,68.385086,27.4435699,Piispanoja tulistelutupa,FI
1660728974,1660728974,68.4446691,27.519988,Palo-ojan kota,FI
1666193480,1666193480,68.4137257,27.2829611,Pikku-Harriojan Tulistelutupa,FI
1669071479,1669071479,67.0424464,17.9431493,Pårte Fjällstuga,SE
1671179169,1671179169,67.1432828,26.9868144,Kiimalaavu,FI
1671179202,1671179202,67.1199497,26.9404932,Lampivaara,FI
1671179205,1671179205,67.157014,26.9928604,Lepponen kota,FI
1671179230,1671179230,67.1346136,26.8884402,Ukko-laavu,FI
1671180772,1671180772,67.1344262,26.8885413,Kota,FI
1671782871,1671782871,67.0141208,27.217227,Isokuru kota,FI
1687117482,1687117482,67.7756213,24.9026292,Sammu,FI
1687118336,1687118336,67.7671662,24.8615582,,FI
1692803525,1692803525,67.7145668,19.0494418,Vuoktatjåkka,SE
1693120667,1693120667,68.475536,20.229879,Kamasjaure,SE
1693120672,1693120672,68.855023,20.716917,Vurvejåkka,SE
1693633288,1693633288,67.323185,18.5000855,Autsutjvagge Rastskydd,SE
1714235584,1714235584,69.5148112,27.4303003,Jottijärven kota,FI
1714288408,1714288408,68.0832744,26.4506842,Pesosojan laavu,FI
1714339146,1714339146,67.7575184,27.2538109,Ryssänmarimon kota,FI
1750213660,1750213660,66.9253193,17.7189352,Mallenjarka Rastskydd,SE
1750214490,1750214490,67.0819347,18.1048775,Jågge Rastskydd,SE
1750272881,1750272881,66.6583311,17.2856284,Tjäurakåtan,SE
1805465194,1805465194,67.4457717,28.4541806,,FI
1818339460,1818339460,67.6931923,24.5354134,Niritsan kota,FI
1821410330,1821410330,69.9543505,23.3890547,,NO
1850776971,1850776971,67.9828183,18.4630297,Unna Räitastugan,SE
1865401709,1865401709,69.008776,15.0893628,,NO
1865444228,1865444228,69.2150956,17.3305889,,NO
1888765999,1888765999,69.8431864,22.880263,Ongajoksetra,NO
1890187125,1890187125,68.7939133,16.5723173,,NO
1896395800,1896395800,67.1928731,17.1220854,Darreluoppal Fjällstuga,SE
1935711649,1935711649,66.5655422,16.0253223,Guijaure raststuga,SE
1935932266,1935932266,66.6560156,15.836594,Lomtjärn raststuga,SE
1935975158,1935975158,66.7420313,15.9896802,,SE
1976908427,1976908427,68.4227851,28.3944029,Laavu,FI
2040017709,2040017709,69.7090799,18.9079187,Scouts camp,NO
2088725032,2088725032,66.9230896,17.962452,,SE
2090279724,2090279724,66.9385738,17.8548517,,SE
2117763729,2117763729,66.6119242,27.5768857,Ämmänniemi länsikärjen kota + liiteri,FI
2118462704,2118462704,66.685922,27.4039744,Pöyliönperän nuotiopaikka,FI
2119105970,2119105970,66.6340855,27.9438039,Käsmäjoen kota,FI
2119651165,2119651165,66.8522344,27.1322265,Karhukuusikon mutterikota,FI
2119874845,2119874845,66.7188688,27.7651145,Ala-Mikonjärven kota,FI
2119977768,2119977768,66.6053379,27.5919898,Ämmänniemi eteläpuolen tulipaikka,FI
2119977771,2119977771,66.6063199,28.0068763,Portinjoki tulipaikka,FI
2126289996,2126289996,67.2862839,14.4349314,,NO
2151023126,2151023126,67.1601711,26.9149173,Ahvenlampi keittokatos,FI
2151047908,2151047908,67.1596893,26.897318,Tikkalaavu,FI
2178447554,2178447554,66.7296675,27.3339667,Kota,FI
2178447555,2178447555,66.735763,27.2454614,Laavu,FI
2185706987,2185706987,66.6875611,28.6808214,Kolmiolammen laavu,FI
2235085736,2235085736,67.7832643,24.6590761,Merkkinen,FI
2239828449,2239828449,67.4364301,24.4110362,Porttijärven autiotupa,FI
2239828451,2239828451,67.4364416,24.4112559,Porttijärven laavu,FI
2242634781,2242634781,67.7325335,25.0179645,,FI
2242634821,2242634821,67.7507966,24.9603439,Levin Lapinkylä,FI
2329292523,2329292523,69.967054,23.4495709,,NO
2393823063,2393823063,68.019478,13.1544486,,NO
2399590109,2399590109,68.1943425,18.5055816,Rádunjárga,SE
2401976986,2401976986,69.9610929,20.2498589,,NO
2415916767,2415916767,68.2562436,28.2565747,Muorravaarakka keittokatos,FI
2417356542,2417356542,68.4162758,28.2723823,Harrimukka laavu,FI
2425754030,2425754030,67.5283647,17.3845267,Kisuriskåtan,SE
2444005124,2444005124,69.4444285,25.2280246,,NO
2453796699,2453796699,68.4288197,27.4641402,Kota,FI
2453827652,2453827652,68.4261085,27.4557578,Kota,FI
2477918897,2477918897,67.8918943,23.98299,Särkitunturin pysäköintialueen avokota,FI
2524605960,2524605960,66.5905173,26.1193935,Könkäänsaari,FI
2614470575,2614470575,67.0849547,25.8022295,Laavu,FI
2614610055,2614610055,66.9771292,25.6877518,Saittapenkereen laavu,FI
2614663322,2614663322,66.9636944,25.6591176,,FI
2616083305,2616083305,66.9576322,25.6023178,Perttauskosken laavu,FI
2621321474,2621321474,66.5640187,28.9347309,Tervalammen kota,FI
2641169162,2641169162,66.7358147,28.8426687,Kolmiloukkonen laavu 1,FI
2649706191,2649706191,68.3681478,27.6177406,Taajoslaavu,FI
2710663278,2710663278,67.5847116,26.209345,Tikkalaki kota,FI
2711725241,2711725241,67.9450261,25.4148312,Seurujoen kota,FI
2713813199,2713813199,67.054208,26.2154403,Kuikkalampi Kota,FI
2713813205,2713813205,67.1019434,26.8231517,Polsoinpalo laavu,FI
2713813211,2713813211,67.0301151,26.3325972,Maljaoja kota,FI
2832244000,2832244000,68.7553472,23.5383266,Šihččajávri fjellstue,NO
2860413492,2860413492,66.6194622,26.1883249,Vikaköngäs,FI
2982602071,2982602071,66.6587832,15.406011,,NO
2995663760,2995663760,69.0122312,20.8619811,Laavu,FI
3054760969,3054760969,69.9370532,26.9704756,,FI
3054762035,3054762035,69.9286437,26.9943529,,FI
3086542059,3086542059,67.3165409,29.2861022,Taviselkä keittokatos,FI
3086544328,3086544328,67.5423364,29.8634513,,FI
3086544330,3086544330,67.5530872,29.8239058,Laavu,FI
3086544347,3086544347,67.5635562,29.7903641,Tuntsajoki tulipaikka,FI
3086544365,3086544365,67.5727884,29.7655423,Räntselmä tulipaikka,FI
3086544383,3086544383,67.5760496,29.7756095,Tuntsa keittokatos,FI
3124682313,3124682313,68.4907229,16.6866267,,NO
3159335108,3159335108,68.4011143,23.8150381,,FI
3229750913,3229750913,68.1136037,27.7905054,Orposen laavu,FI
3231364371,3231364371,68.3963574,28.1173708,Kota,FI
3239505892,3239505892,68.454098,28.4151385,"Luton silta, laavu",FI
3276835251,3276835251,67.5828444,24.206382,,FI
3276849087,3276849087,67.5239677,24.2409459,Sulaojan laavu,FI
3319758520,3319758520,69.4004343,24.6534184,Jergul Astu,NO
3331829092,3331829092,67.3869241,24.196547,Leväjoki laavu,FI
3352564882,3352564882,69.5452974,24.6592438,Ánnešjohka ødestue,NO
3390758693,3390758693,69.5278359,24.3854757,Nedre Mollisjok Fjellstue,NO
3391778649,3391778649,69.4767125,24.1908911,Rágesluobbalat,NO
3394149813,3394149813,70.1246404,22.9666978,Tinn-ly,NO
3412441803,3412441803,69.9089037,26.4295722,Levajok Fjellstue,NO
3445252967,3445252967,68.3981508,24.516689,,FI
3446650210,3446650210,68.1113475,26.3089659,Nälkälän puolikota,FI
3446665907,3446665907,67.9013286,26.843734,Yläliesijoki Kota,FI
3448052873,3448052873,67.2232488,23.7267315,Kieksiäisvuoman laavu,FI
3448052875,3448052875,67.1726862,23.6912727,Korkealehto kota,FI
3448054758,3448054758,67.3322547,24.1707659,Naamiojoki laavu,FI
3519695900,3519695900,70.0158887,22.2318778,Røde Kors hytta,NO
3581076926,3581076926,68.4003726,23.66806,Jyppyrän laavu,FI
3581076983,3581076983,68.44073,26.55115,Kyläjoki päivätupa,FI
3581077428,3581077428,68.35059,23.43773,Muotkajärvi Day Trip Hut,FI
3581077470,3581077470,68.9360119,27.1573369,Pielpavuono kota,FI
3659230340,3659230340,69.4933254,20.8307899,,NO
3699969826,3699969826,66.9602394,23.8270919,,SE
3699995116,3699995116,67.0896307,23.6592886,,SE
3726796528,3726796528,69.6997168,18.6173838,,NO
3726825286,3726825286,69.6893365,18.5998097,,NO
3756208611,3756208611,68.5482732,14.768662,,NO
3806727910,3806727910,68.2739169,27.4503739,Kopsusjärventien laavu,FI
3807075303,3807075303,68.1780579,27.1173038,Luontopolun kota,FI
3807088917,3807088917,68.1896941,27.1418621,Koiranjuomalampi laavu,FI
3807088918,3807088918,68.1769193,27.0997329,Luontokeskuksen laavu,FI
3953597942,3953597942,68.483492,22.3416446,Mannakoski laavu,FI
3970490366,3970490366,67.3584644,27.1610328,Tunturilampi laavu,FI
3973850684,3973850684,66.7068951,14.5010732,Neverneshytta,NO
4003075191,4003075191,67.3503931,26.6851827,Jokilaavu,FI
4004132706,4004132706,67.2276873,27.402169,Kota,FI
4004289822,4004289822,67.1724414,26.999363,Räkki-Luosto laavu,FI
4004423467,4004423467,67.1786139,27.3397834,Laavu,FI
4007117537,4007117537,67.1451785,26.6852946,Kota,FI
4007366409,4007366409,67.1536476,26.9075531,,FI
4007475450,4007475450,67.1271031,26.8540523,Pyhänlatva laavu,FI
4007660399,4007660399,67.175391,26.8855349,Luostonoja,FI
4007822171,4007822171,67.0538746,27.2535572,Soutajan kota,FI
4009579767,4009579767,66.9033295,27.4631497,Laavu,FI
4009639453,4009639453,66.9515723,27.9204258,Laavu,FI
4020151880,4020151880,66.6194473,26.1880956,Vikakönkään laavu,FI
4022076464,4022076464,67.6378587,26.7930959,Petkulan kalastuskunnan laavu,FI
4022197452,4022197452,67.5621506,26.8085868,Laavu,FI
4022301775,4022301775,67.5905986,26.753586,Laavu,FI
4024196226,4024196226,67.8201307,27.7298458,Laavu,FI
4026616997,4026616997,67.3028159,27.6069563,Laavu,FI
4033492458,4033492458,67.5066525,24.9178036,Laavu,FI
4035211063,4035211063,66.9395145,27.2522784,Laavu,FI
4035211213,4035211213,66.9066036,27.0504607,Laavu,FI
4035741069,4035741069,66.9621302,27.2600826,Laavu,FI
4036889220,4036889220,68.1210541,27.323192,Nalijoki laavu,FI
4037241148,4037241148,67.7164181,24.9602221,Laavu,FI
4038179590,4038179590,67.0860381,27.0591403,Kota,FI
4061330480,4061330480,67.4856101,24.2835875,Laavu,FI
4078346151,4078346151,67.1005429,26.990125,Rykimäkuru,FI
4078349236,4078349236,67.0958154,26.9529888,Pyhälampi laavu,FI
4085352857,4085352857,68.3274886,18.7533421,Nissonjokk,SE
4086252465,4086252465,67.145413,20.57395,,SE
4095525530,4095525530,67.4414937,23.4822813,,SE
4104662032,4104662032,67.8145986,25.3057258,Laavu,FI
4107807118,4107807118,67.50473,25.565281,Laavu,FI
4131090942,4131090942,67.5830221,24.2174968,Mutteri-taukotupa,FI
4131324433,4131324433,67.1607438,23.9097425,Heinävuoman laavu,FI
4131324621,4131324621,67.1655259,23.7967877,Laavu,FI
4131325036,4131325036,67.1690418,23.6428953,Rantalehdon laavu,FI
4131463892,4131463892,67.1396498,24.0003087,Laavu,FI
4132717992,4132717992,67.5466794,24.2531182,Länsiraja laavu,FI
4144310052,4144310052,67.7527913,23.7123912,Kota,FI
4144432612,4144432612,67.9034601,23.5999642,Äijäkosken laavu,FI
4149298030,4149298030,67.3602308,24.04726,Laavu,FI
4149416317,4149416317,67.3213425,24.2027045,Venejärvi laavu,FI
4157225465,4157225465,66.9847366,23.9035605,Autio- ja varaustupa,FI
4157225468,4157225468,66.9776244,23.9134092,Laavu,FI
4157225676,4157225676,66.9805726,23.8181768,Kota,FI
4157225682,4157225682,66.9554547,23.8632038,Laavu,FI
4157252347,4157252347,66.9285716,23.8884586,Raijankangas laavu,FI
4157252348,4157252348,66.9416344,23.896875,Naamivaaran kota,FI
4157307940,4157307940,66.9438635,23.9378471,Laavu,FI
4157429462,4157429462,66.9351062,23.8710033,Naamisuvanto laavu,FI
4157692000,4157692000,67.0271135,23.7415032,Laavu,FI
4157721216,4157721216,67.0558292,23.9559542,Koivumaa laavu,FI
4157871496,4157871496,66.9078592,23.8913091,Laavu,FI
4157871498,4157871498,66.8850419,23.9360438,Laavu,FI
4157871499,4157871499,66.8756457,23.9464812,Laavu,FI
4159477941,4159477941,66.907413,24.0990715,Kota,FI
4160088253,4160088253,66.8294029,24.3914391,Laavu,FI
4160115189,4160115189,66.9143384,24.2787818,Kota,FI
4160125338,4160125338,67.1835839,24.1524235,Laavu,FI
4161524527,4161524527,66.8595744,24.8702706,Luovanlahti laavu,FI
4161524530,4161524530,66.8705627,24.8569805,Rattosjärvi kota,FI
4161627048,4161627048,67.3506781,24.7232879,Kota,FI
4161671616,4161671616,67.3121724,24.9075409,Neitikoski laavu,FI
4161671617,4161671617,67.3087395,24.9078088,Kota,FI
4162068021,4162068021,67.6194313,23.5601289,,FI
4165207849,4165207849,67.2687962,24.8113457,Kota,FI
4167189610,4167189610,66.8057768,24.1219068,Laavu,FI
4167189705,4167189705,66.8036576,24.115763,Laavu,FI
4167249052,4167249052,66.8052772,24.1354703,Laavu,FI
4167268753,4167268753,66.7941194,24.1528474,Jaipaljukka kota,FI
4167352981,4167352981,66.7843289,24.0056419,Laavu,FI
4171665413,4171665413,67.5404594,25.5615823,Kota,FI
4172814340,4172814340,67.7659688,24.882753,Laavu,FI
4172850173,4172850173,67.7979222,24.8894587,,FI
4173134537,4173134537,67.6443836,24.6739991,Laavu,FI
4173134538,4173134538,67.6469227,24.6739788,Kota,FI
4181161248,4181161248,68.7362886,26.1318306,Sotkajärvi laavu,FI
4181161991,4181161991,68.7149365,26.1701572,Kota,FI
4184297853,4184297853,66.5974097,25.3873835,Laavu,FI
4185375877,4185375877,66.5859932,25.6402062,Laavu,FI
4186121775,4186121775,68.7461912,27.4034544,Laavu,FI
4189338177,4189338177,68.8980993,26.9751546,Akselin laavu,FI
4189369635,4189369635,68.8940908,26.9466434,Haapakoski päivätupa,FI
4189370609,4189370609,68.8922052,26.929503,Laurin laavu,FI
4202439816,4202439816,66.6869792,23.8936193,Laavu,FI
4214255701,4214255701,67.931733,23.8179352,Laavu,FI
4215051290,4215051290,67.9187239,23.8451872,Tunturijärven laavu. Olos,FI
4219918220,4219918220,68.6761656,27.5224022,Laavu,FI
4231920520,4231920520,68.9500449,27.1139106,,FI
4239159139,4239159139,67.104981,20.8996976,,SE
4245067001,4245067001,71.0291805,25.5876544,Vannfjordhytta,NO
4246602097,4246602097,66.7195119,13.4750666,,NO
4248787290,4248787290,67.8963618,13.0122131,,NO
4254090789,4254090789,68.4307096,14.8239969,,NO
4261371800,4261371800,66.7407572,20.9635239,,SE
4261371895,4261371895,66.6502661,20.9882141,,SE
4261371896,4261371896,66.7538809,21.0346592,,SE
4261372100,4261372100,66.7598652,21.0266824,,SE
4261373695,4261373695,66.7567114,21.0324646,,SE
4264040593,4264040593,68.5089985,14.800232,Kirstenhuken Gapahuk,NO
4264048589,4264048589,68.5110556,14.8177696,,NO
4266908530,4266908530,67.6229453,17.1382093,Gårssåjávrre,SE
4266945306,4266945306,68.9390572,26.8118132,Laavu,FI
4269550769,4269550769,69.3583573,25.8148569,Mustakosken päiväkota,FI
4269655499,4269655499,69.3940093,26.0823319,Pyhäjärven päiväkota,FI
4269753699,4269753699,69.4556843,26.2933825,Ruktajärvi laavu,FI
4269773664,4269773664,69.4342504,26.2098819,Luomusjärven mutterikota,FI
4269811195,4269811195,69.4981404,26.5252113,Suohppasaja kotalaavu,FI
4269854748,4269854748,69.5267527,26.6225002,Fiellujohka kammi,FI
4269913124,4269913124,69.5058018,26.3055492,Njavgoaivi laavu,FI
4270042914,4270042914,69.6040039,26.8063231,"Gamajotnsuohppasaja, kotalaavu",FI
4270330591,4270330591,69.6710094,27.0675448,Kota,FI
4271343545,4271343545,69.4248519,25.9334083,Ailiggaan kammi,FI
4271713848,4271713848,69.2942922,25.7416049,Doarrovašbákti päiväkota,FI
4271727748,4271727748,69.3365724,25.7615864,Kuivaniva puolilaavu,FI
4274269659,4274269659,69.8942493,26.9921846,Kota,FI
4274411154,4274411154,69.8510662,26.7785134,Kammi,FI
4274491214,4274491214,69.8266923,26.9227576,Bajimus Nammajavri kota,FI
4275314664,4275314664,68.1300058,13.822319,,NO
4275546460,4275546460,69.0551401,27.0569148,Muddusjärvi laavu,FI
4275641095,4275641095,68.8988967,26.9656505,Jäniskoski puolilaavu,FI
4275771841,4275771841,68.8789313,26.9007716,Ritakoski puolilaavu,FI
4281805466,4281805466,67.031158,26.3992876,Laavu,FI
4281910331,4281910331,67.3500305,25.9323528,,FI
4281945894,4281945894,67.1464772,25.7013121,Laavu,FI
4281946191,4281946191,67.1422079,25.7267321,,FI
4282133227,4282133227,67.1847212,25.5130662,Kota,FI
4282200890,4282200890,67.363365,25.3486009,Laavu,FI
4282200911,4282200911,67.2653176,25.2556768,Kota,FI
4284220774,4284220774,66.6329079,24.8706117,Kota,FI
4284381701,4284381701,66.6571994,24.6923432,Laavu,FI
4284459013,4284459013,66.7022062,24.5165372,Laavu,FI
4284547927,4284547927,66.6549376,24.3504369,Laavu,FI
4284596345,4284596345,66.6837977,24.4047833,Laavu,FI
4287473393,4287473393,69.0631496,18.4966504,,NO
4287503593,4287503593,69.0644458,18.5091353,,NO
4291384178,4291384178,67.571672,24.038199,Kuerlinkat,FI
4296701634,4296701634,68.3585608,23.4266068,Kota,FI
4298770546,4298770546,70.0705168,27.6029002,Laavu,FI
4300885253,4300885253,70.0541704,27.8548419,Njuorggan Skaidejavri kota,FI
4301772900,4301772900,68.4050759,17.9830265,,NO
4307028591,4307028591,68.4195707,18.162131,,SE
4307032099,4307032099,68.4202703,18.1856368,,SE
4307032309,4307032309,68.4242196,18.3545484,,SE
4307032403,4307032403,68.4296187,18.2588153,,SE
4307897599,4307897599,67.0714097,26.9811678,Porontahtoma laavu,FI
4309250791,4309250791,68.1837591,17.7838408,,NO
4313455795,4313455795,68.2589944,19.4876398,,SE
4314491363,4314491363,67.766586,27.3462216,Nietikäiskosket laavu,FI
4314522268,4314522268,67.7067996,27.1922983,Lohikoski laavu,FI
4314522316,4314522316,67.6438616,27.2107006,Allemanivat laavu,FI
4319839314,4319839314,67.7685382,28.3845803,Ylempi Vasaoja laavu,FI
4319839334,4319839334,67.7728794,28.3711737,Satkovittikko laavu,FI
4319839335,4319839335,67.7766459,28.3629113,Kota,FI
4319993513,4319993513,67.7423113,28.3051852,Alempi Vasaoja laavu,FI
4319993542,4319993542,67.7220218,28.3094954,Karppisenpirtti laavu,FI
4319993546,4319993546,67.7131635,28.3144034,Majavasokka laavu,FI
4319993580,4319993580,67.7024626,28.3604073,Majavakoski laavu,FI
4320017871,4320017871,67.688752,28.3991903,Sormijoensuu laavu,FI
4321093078,4321093078,67.6759168,28.4126041,Kuritsa laavu,FI
4321093325,4321093325,67.6483856,28.5030901,Riekkohauta laavu,FI
4321189507,4321189507,67.3121022,28.2284414,Miekkakoski laavu,FI
4328025569,4328025569,67.6402767,25.6761352,Kota,FI
4330879221,4330879221,67.1526538,27.5505103,Kota,FI
4330879223,4330879223,67.15625,27.5384326,Laavu,FI
4336201522,4336201522,66.5925648,26.1827702,Laavu,FI
4336201560,4336201560,66.5903811,26.1196453,Laavu,FI
4336220386,4336220386,66.5772124,26.1062816,Laavu,FI
4336704640,4336704640,66.617667,26.1805772,Ukkoharri laavu,FI
4336881979,4336881979,66.6217469,26.0869795,Sortovaara kota,FI
4336903768,4336903768,66.5908531,26.1145397,Vuokrakota,FI
4343848413,4343848413,69.0244622,29.0288598,,NO
4347622389,4347622389,68.095938,18.7651555,Mårma,SE
4348456689,4348456689,68.3032832,19.2318986,,SE
4348537816,4348537816,68.1546206,19.7802219,,SE
4350850220,4350850220,67.5359595,27.8374408,Kota,FI
4353281393,4353281393,67.8532731,18.7881935,,SE
4353282250,4353282250,67.8987942,18.5131451,Säkerhetsstugan på Kebnekaises topplatå,SE
4355689693,4355689693,67.4408468,21.1160387,,SE
4359221221,4359221221,67.1014857,20.6168487,,SE
4359226340,4359226340,67.1070839,20.6397541,,SE
4361635294,4361635294,67.059547,27.5786543,,FI
4367900459,4367900459,66.5732087,26.5791801,Laavu,FI
4373973357,4373973357,67.5124625,26.0438952,Laavu,FI
4375628527,4375628527,67.6447277,28.5669436,Aartoniva laavu,FI
4375628533,4375628533,67.6573736,28.4451133,Saunavaara keittokatos,FI
4375761973,4375761973,67.753211,28.3627712,Vasasuvanto keittokatos,FI
4375805042,4375805042,67.8247344,28.3308795,Ylä-Kairi keittokatos,FI
4375805362,4375805362,67.8446084,28.8093009,Kaakkurinkonelo keittokatos,FI
4375805390,4375805390,67.8594421,28.813479,Könkäänkonelo keittokatos,FI
4375805403,4375805403,67.9302939,28.9120962,Keittokatos Seitainoja,FI
4377403935,4377403935,67.8095353,29.1412081,Hotikaisenmukka laavu,FI
4377415030,4377415030,67.8473216,29.1570274,Vitta-apajanlehto 1 laavu,FI
4377415090,4377415090,67.8626788,29.1896757,Haukijärvenoja laavu,FI
4377551492,4377551492,67.8359716,29.1504305,Kärekelehto laavu,FI
4377585918,4377585918,67.8931296,29.1798936,Kurtsinniska laavu,FI
4377585961,4377585961,67.8786734,29.1892161,Silpakurunsuu kota,FI
4377664410,4377664410,67.9320255,29.3228523,Alimmainen Hirvashauta kota,FI
4377664469,4377664469,67.9431413,29.3448072,Voittinköngäs kota,FI
4377664716,4377664716,67.9520601,29.3996001,Saukkosuvannonvaara laavu,FI
4377684787,4377684787,67.9676008,29.3613295,Kolsakoskenoja laavu,FI
4378005966,4378005966,67.5192525,29.6985362,Nuoluskuru kota,FI
4378079894,4378079894,67.414977,29.6116252,Sorsa kota,FI
4378184750,4378184750,67.3880217,29.3466308,Naruskan tammi keittokatos,FI
4378220211,4378220211,67.2850209,29.2050889,Pystökoski kota,FI
4378220425,4378220425,67.2735208,29.1769581,Suoltijoki keittokatos,FI
4378239581,4378239581,67.229523,29.2322895,Halti kota,FI
4378239698,4378239698,67.2055026,29.1394299,Karhutunturi kota,FI
4379397304,4379397304,66.8345025,28.8944687,Aatsinginhauta laavu,FI
4379397564,4379397564,66.8227135,28.9015533,Laavu,FI
4379435154,4379435154,66.7882687,28.8065031,Kaippaanoja laavu,FI
4379462815,4379462815,66.7622009,28.7896363,Kota,FI
4379462932,4379462932,66.7344878,28.8523019,Kolmiloukkonen laavu 2,FI
4379463105,4379463105,66.714005,28.8635906,Hanhilampi laavu,FI
4379563075,4379563075,66.7107126,28.8203741,Siskelilampi kota,FI
4379590497,4379590497,66.6462109,28.7542648,Suksenpaistama laavu,FI
4379590737,4379590737,66.6306022,28.8532075,Palotunturi kota,FI
4379590832,4379590832,66.6096412,28.8589004,Konttilampi kota,FI
4380735909,4380735909,66.7400443,28.8176094,Upinlammen kota,FI
4382272934,4382272934,66.7516021,28.7521478,Laavu,FI
4382387656,4382387656,66.7265782,28.8323011,Laavu,FI
4383420486,4383420486,67.3448972,28.7757985,Kota,FI
4383600003,4383600003,67.2868691,28.8826946,Kota,FI
4383734763,4383734763,68.6913354,18.107616,,NO
4383870670,4383870670,66.9551822,17.7549496,,SE
4383875097,4383875097,66.9537684,17.7864318,,SE
4394926498,4394926498,67.8152434,17.0750621,Akkajaure Västenden,SE
4394926499,4394926499,67.8548614,16.9897015,Gálavárddo,SE
4394926502,4394926502,67.7867958,17.3045353,Sievgok,SE
4394926503,4394926503,67.9184166,16.8954628,Sårgå,SE
4396396533,4396396533,69.6388686,28.7379399,Laavu,FI
4408658254,4408658254,67.112824,28.9768479,Laavu,FI
4409463090,4409463090,68.7943496,16.5080792,,NO
4419224511,4419224511,67.7132557,28.9903632,Kota,FI
4428185514,4428185514,68.1716505,18.8458538,Renvaktarstuga,SE
4450401384,4450401384,66.5602086,28.030368,Kota,FI
4466253747,4466253747,69.7792613,21.0597634,Stealli,NO
4485619972,4485619972,69.7755832,20.9426168,Truisku,NO
4598802675,4598802675,67.5288586,24.2566734,,FI
4610194715,4610194715,68.4429367,18.1689511,,SE
4637429130,4637429130,66.6314322,28.0880285,Vilmavaaran tulipaikka,FI
4720348936,4720348936,67.7802999,24.9428861,Sammuntuvan kota,FI
4723999889,4723999889,67.7823303,24.9114689,Lomakurun Keidas,FI
4764567097,4764567097,69.5610317,20.1830764,Skihytta - Rørneshytta,NO
4770599203,4770599203,68.4090175,18.666663,Aurora view point,SE
4786913022,4786913022,67.2322837,18.4407818,Sitojaure Fjällstuga,SE
4786913023,4786913023,67.7465725,18.2953814,Kaitumjaure Fjällstuga,SE
4795207438,4795207438,67.9995656,23.5405264,,FI
4809045077,4809045077,69.6662166,18.9507593,,NO
4832106807,4832106807,66.9217175,28.505482,Vallovaaran kota,FI
4837196405,4837196405,67.5394358,24.0601886,,FI
4902516924,4902516924,69.4490509,17.3066043,,NO
4912589722,4912589722,67.8876631,12.9261852,,NO
4916438921,4916438921,68.2009323,13.4832177,,NO
5022397322,5022397322,66.97049,15.305333,,NO
5023078391,5023078391,69.9592315,19.4612744,,NO
5031942962,5031942962,68.3809695,18.6626608,,SE
5051670021,5051670021,68.7936865,16.5011584,Startsletta Gapahuk,NO
5051670121,5051670121,68.7936941,16.5013931,,NO
5052071824,5052071824,68.15802,14.2234365,,NO
5106092389,5106092389,68.1136767,13.559446,,NO
5110513224,5110513224,67.782402,24.7224007,Kätkätunturin laavu,FI
5124687363,5124687363,69.5289631,17.3733845,Litago,NO
5124922566,5124922566,69.4490276,17.3067635,Myran gapahuk,NO
5148530666,5148530666,67.117031,18.2886616,Raststuga Laitaure,SE
5148544509,5148544509,67.2039949,18.4221223,,SE
5150208671,5150208671,66.7080558,27.5767181,Kotavaara laavu,FI
5158952295,5158952295,66.6551458,28.9992542,Kota,FI
5159787452,5159787452,67.2413496,25.8982226,Laavu,FI
5159787572,5159787572,67.2026908,25.7703477,Ulingasköngäs laavu,FI
5160942314,5160942314,66.697925,28.8496891,Laavu,FI
5161499470,5161499470,66.9488201,25.8061511,Kota,FI
5162693962,5162693962,66.7226211,28.8375734,Laavu,FI
5163391062,5163391062,67.156912,25.6221878,Kutukoski laavu,FI
5179993221,5179993221,66.5672855,27.7195742,Lehtolan kalasataman  tulistelukatos,FI
5217819001,5217819001,67.3326389,27.9358274,Vasatunturi kota,FI
5221121463,5221121463,67.8109283,28.0199703,Painopään kota,FI
5245331544,5245331544,67.2065536,26.0736196,Pikkulammen laavu,FI
5245331554,5245331554,67.4471078,26.1117284,Hanhilahden laavu,FI
5245851644,5245851644,67.3594855,27.0765507,Oratunturin laavu,FI
5245948994,5245948994,67.0613377,26.3015919,Kielinen laavu,FI
5245948995,5245948995,67.0785289,26.160748,Auvojärvi laavu,FI
5251554590,5251554590,68.7499434,26.8714441,,FI
5363947305,5363947305,69.0716739,28.6530536,Nuottamajärvi puolilaavu,FI
5378135075,5378135075,70.3870787,31.1496019,,NO
5444898643,5444898643,66.9566157,27.1356725,Laavu,FI
5445481404,5445481404,67.0140274,27.2176263,Isokuru laavu,FI
5445736667,5445736667,67.0301942,27.0393321,,FI
5488820345,5488820345,67.5197801,24.3162991,Isosaari laavu,FI
5522942684,5522942684,67.7626705,27.3956432,Laavu,FI
5531573765,5531573765,67.3434207,26.825837,Laavu,FI
5535628970,5535628970,68.0008546,24.6747825,Kota,FI
5535851016,5535851016,68.0723267,24.8346919,,FI
5536362428,5536362428,68.1469132,24.1564935,Ahovaara lean-to,FI
5566631931,5566631931,69.4594458,23.5025548,Stuoroaivi,NO
5678574070,5678574070,69.6151561,28.6203611,Kontinpaistama,FI
5678574071,5678574071,69.6151449,28.621096,Kontinpaistama,FI
5721114101,5721114101,68.8601912,28.4467731,Laavu,FI
5725870639,5725870639,68.6900175,22.2411305,Saitsijoki laavu,FI
5725872767,5725872767,68.7652326,22.1857152,Neuhkama laavu,FI
5732393834,5732393834,68.435421,22.6256586,,FI
5747310056,5747310056,68.4918576,24.698248,Laavu,FI
5749232432,5749232432,68.4082313,24.1345773,Siltakoski laavu,FI
5749410566,5749410566,68.1812031,25.2423614,Kota,FI
5751029451,5751029451,68.1617362,25.7684998,Pokka info,FI
5753585017,5753585017,68.4075058,23.8842177,Laavu,FI
5758708182,5758708182,69.3943974,29.5377226,Saimakoia,NO
5758720094,5758720094,69.198315,29.0688419,Holmenkoia,NO
5758720283,5758720283,69.2554227,28.9187938,Føllvannskoia,NO
5760232220,5760232220,69.4032677,20.985002,,NO
5763549872,5763549872,68.1355409,24.2465768,Kota,FI
5763982023,5763982023,67.8102756,21.6116769,,SE
5771448353,5771448353,67.0311007,27.2179444,Huttulaavu,FI
5784762806,5784762806,67.395772,15.3724437,,NO
5784762807,5784762807,67.3882821,15.3445407,,NO
5799506235,5799506235,66.8359275,16.2117763,Ikesjaure rastskydd,SE
5938138597,5938138597,68.1924591,18.5426114,,SE
5981708157,5981708157,68.493204,18.6143656,Pålnostugan,SE
6004499857,6004499857,67.2916289,25.6044088,Laavu,FI
6004702970,6004702970,67.3737027,25.7159362,Laavu,FI
6021626231,6021626231,66.6294129,25.7856658,Kota,FI
6022983800,6022983800,66.8929465,26.1892024,Kota,FI
6025611894,6025611894,66.7111968,25.7209825,Laavu,FI
6025611963,6025611963,66.706324,25.6876654,Vuokrakota,FI
6025611982,6025611982,66.6465865,25.7345374,Kota,FI
6047338178,6047338178,68.0725069,25.2316304,Laavu,FI
6050851838,6050851838,67.8500856,24.8896627,Kota,FI
6057924662,6057924662,69.9603639,26.6453849,Kota,FI
6078512961,6078512961,68.4276219,23.5829052,Pahtajärven laavu,FI
6119317082,6119317082,66.7488317,25.830658,Kiimalammen laavu,FI
6119365126,6119365126,66.948056,26.1834544,Kayrastunturin laavu,FI
6156543546,6156543546,66.6448947,25.4887479,Laavu,FI
6209798557,6209798557,69.7348522,26.9819672,Kota,FI
6243804107,6243804107,69.8307697,25.1899582,Gapahuken,NO
6288835890,6288835890,67.6417962,25.6723836,,FI
6321756173,6321756173,67.3385247,24.7340149,Kota,FI
6343221636,6343221636,68.3108314,23.2858335,Laavu,FI
6343221651,6343221651,68.3222884,23.338751,Kota,FI
6343455075,6343455075,68.2499763,23.1353436,Laavu,FI
6343455077,6343455077,68.2419444,23.1580551,,FI
6362797871,6362797871,70.2680566,23.4726587,Bergbu,NO
6365260561,6365260561,70.2721906,23.599927,Gamme,NO
6375853087,6375853087,67.8993482,23.9091471,,FI
6380390419,6380390419,68.3440199,23.6026036,Rautujärvi laavu,FI
6384032048,6384032048,67.8022047,24.9714664,Kota,FI
6390574128,6390574128,67.5652072,24.2992463,Ojanlatva laavu,FI
6394103663,6394103663,69.1056194,27.1080532,Laavu,FI
6409287141,6409287141,68.1251685,24.8546501,Suksijärvi kota,FI
6594610791,6594610791,68.0959195,26.6249703,Sommasenpalo laavu,FI
6617357711,6617357711,69.5633976,20.1373891,Rørneshytta,NO
6630963287,6630963287,66.7420169,28.7670564,Hangasjärven laavu,FI
6639804009,6639804009,67.7952684,24.7858107,,FI
6640904119,6640904119,67.8292813,23.4848043,Kangoskoski laavu,FI
6640933592,6640933592,68.1041606,23.4418613,Mielmukkavaaran laavu,FI
6641034483,6641034483,67.8058539,23.627647,Pieni Harjujärvi laavu 1,FI
6641034919,6641034919,67.8013792,23.6360048,Pieni Harjujärvi laavu 2,FI
6641042701,6641042701,67.931024,23.7846606,Suomi 100 -juhlavuoden laavu,FI
6660269021,6660269021,67.3558957,27.9326641,Äitipetäjälammen puolikota,FI
6660379264,6660379264,67.3639861,27.9628018,Keittokatos,FI
6660379266,6660379266,67.3523898,27.9041836,Sotsonportin keittokatos,FI
6660517997,6660517997,69.642357,21.1047605,,NO
6661838861,6661838861,66.8444117,28.6910362,,FI
6665485933,6665485933,67.4139781,28.3969038,Routsukainen kota,FI
6672228685,6672228685,68.5115925,17.7887847,100-årsbua,NO
6680325485,6680325485,69.215314,17.3031231,Åndergammen,NO
6680325585,6680325585,69.215352,17.3301984,Ånderbu,NO
6684398064,6684398064,67.3366337,26.0354122,,FI
6684813360,6684813360,67.7235617,25.4199402,Laavu,FI
6685106581,6685106581,67.7210543,25.5231069,Kota,FI
6702591285,6702591285,67.9421933,21.1468707,,SE
6702591385,6702591385,68.0876199,20.6680722,,SE
6702591487,6702591487,68.2391057,21.2946477,,SE
6702591488,6702591488,68.3707524,21.0216704,,SE
6702591490,6702591490,68.3761458,20.0633537,,SE
6702591585,6702591585,68.3738679,21.0207853,,SE
6702599889,6702599889,68.3641844,20.7527679,,SE
6702599890,6702599890,68.3834189,20.3524361,,SE
6711543587,6711543587,68.5166172,20.3646517,,SE
6711543588,6711543588,68.608969,20.4407846,,SE
6721650214,6721650214,68.0126503,18.7179172,Kåta,SE
6746280288,6746280288,67.8547898,20.2210068,,SE
6802847285,6802847285,68.0957532,13.2984152,,NO
6832157257,6832157257,70.2855239,30.993579,Kiberg,NO
6841688184,6841688184,68.061731,13.2264045,,NO
6851659568,6851659568,69.9743959,29.6410865,Bugøynes oppvekstsenter,NO
6874959307,6874959307,70.0615142,24.9420794,,NO
6909816342,6909816342,67.6028515,29.7666342,Piimäkuru puolikota,FI
7002670521,7002670521,68.4218532,27.4333602,Kota,FI
7009856699,7009856699,66.7415694,24.3524593,Kota,FI
7012112298,7012112298,66.7491486,24.3431722,Laavu,FI
7014906331,7014906331,66.7548219,24.1869247,Salmilompolon laavu,FI
7017187122,7017187122,66.6809855,24.6207223,Kota,FI
7017346590,7017346590,66.6967916,24.6384493,Laavu,FI
7058664044,7058664044,66.5924694,13.3276284,,NO
7090999840,7090999840,69.6643078,18.9488794,,NO
7091050783,7091050783,69.664447,18.9486934,,NO
7091233457,7091233457,71.1076481,25.7865982,Community Hut,NO
7091256838,7091256838,71.1036843,25.7189804,Nordkap Shelter,NO
7125728379,7125728379,67.8252125,22.8034973,,SE
7125728380,7125728380,68.3984756,18.4654427,,SE
7125728382,7125728382,68.0101776,19.6481895,,SE
7125728386,7125728386,67.7913952,21.8349838,,SE
7125728391,7125728391,68.2712907,22.338075,,SE
7125728392,7125728392,68.1224924,21.6760951,,SE
7125728394,7125728394,68.2503319,21.5020466,,SE
7125728600,7125728600,68.0679417,19.4034863,,SE
7125728611,7125728611,67.5176758,20.3070849,,SE
7125728652,7125728652,66.6389465,16.2882614,,SE
7125728653,7125728653,66.8398762,17.8435135,,SE
7125728656,7125728656,66.8659794,18.1016278,,SE
7125728657,7125728657,66.8726903,18.0890536,,SE
7125728658,7125728658,66.8863106,18.048622,,SE
7125728659,7125728659,66.8885422,17.9741478,,SE
7125728660,7125728660,66.90382,17.9872799,,SE
7125728796,7125728796,67.8645229,19.0603352,,SE
7125728798,7125728798,67.9712963,18.6612225,,SE
7125728800,7125728800,68.3030319,19.2339706,,SE
7125728811,7125728811,66.9343999,17.6389253,,SE
7125728812,7125728812,67.0038986,17.2353172,,SE
7125728813,7125728813,67.0210648,17.0781612,,SE
7125728827,7125728827,67.6888,18.140579,Raststuga Dievssajávri,SE
7125728828,7125728828,67.5829983,19.6752262,,SE
7125728829,7125728829,67.5920105,19.7050953,,SE
7125728830,7125728830,67.8567794,20.0482435,,SE
7125728861,7125728861,66.624092,23.966922,Lynx Neuvola_Kota,FI
7253082663,7253082663,67.1149397,24.3579782,Lompolon Laavu,FI
7261093750,7261093750,69.9758657,23.3469518,Altagårdskogen,NO
7292055350,7292055350,67.0846009,20.4608003,Kelva Rastplats,SE
7297087782,7297087782,67.1456988,21.3309485,,SE
7333081367,7333081367,66.8790286,21.252083,,SE
7405635991,7405635991,67.4268357,24.493024,Kallon kota,FI
7415519896,7415519896,70.0197803,22.9012085,,NO
7419286242,7419286242,66.6890889,15.4258254,KNA-hytta på Saltfjellet,NO
7437873386,7437873386,69.8362304,23.1335767,,NO
7453005896,7453005896,67.6095751,24.3223954,,FI
7453642484,7453642484,70.2232053,24.8738019,Gapahuk,NO
7482065124,7482065124,67.3507288,14.8644147,,NO
7536748160,7536748160,67.1615447,20.6683892,Snötippens Rastplats,SE
7606077406,7606077406,69.9997103,24.9927706,,NO
7617822466,7617822466,69.9601743,23.4263404,,NO
7617822467,7617822467,69.9593648,23.4265128,,NO
7638115510,7638115510,67.4755717,26.8509715,Laavu,FI
7688219574,7688219574,67.1618937,27.6913603,Kota,FI
7689253558,7689253558,66.9629891,27.5046231,,FI
7689253559,7689253559,66.9628679,27.5043213,,FI
7711674833,7711674833,67.604059,28.5952685,Leukkuhamara,FI
7725382215,7725382215,66.9225652,28.490045,Laavu,FI
7726888085,7726888085,68.9824385,16.2754906,,NO
7726974932,7726974932,66.6287971,25.7852912,,FI
7738041066,7738041066,66.8861856,28.9207697,,FI
7738448923,7738448923,67.2752114,20.3973708,,SE
7761049177,7761049177,67.6378392,26.7933241,,FI
7768374067,7768374067,71.1131926,27.6440458,Roren,NO
7768377124,7768377124,70.98227,25.9887033,,NO
7769742440,7769742440,68.6746353,27.5231419,,FI
7780954366,7780954366,70.5875715,27.281986,,NO
7780963631,7780963631,70.4272283,28.0780733,,NO
7780979472,7780979472,70.1720961,28.5588523,,NO
7784878101,7784878101,66.6099461,23.887236,Laavu,FI
7792527598,7792527598,69.7903967,30.7943117,,NO
7792537672,7792537672,70.1433883,28.8820333,,NO
7792541216,7792541216,70.0735427,29.7382217,Vadsø harbour wind shelter,NO
7792549520,7792549520,70.065485,29.7651033,,NO
7817761586,7817761586,67.4652435,17.4668547,Reindeer herder hut (abandoned but open),SE
7824009475,7824009475,67.2096817,23.600395,,FI
7824060446,7824060446,70.0701733,27.60115,Laavu,FI
7824061642,7824061642,66.8092483,23.9957817,,FI
7827801404,7827801404,68.5711296,15.8283475,,NO
7850901596,7850901596,67.7251961,24.449418,Kalliokoski kota,FI
7892500388,7892500388,69.6966343,18.9809157,Turbohuken,NO
7892500394,7892500394,69.7105627,19.0038781,,NO
7912348652,7912348652,69.7673829,21.0199195,,NO
7916639151,7916639151,70.1975733,28.2020067,,NO
7916639152,7916639152,70.1974468,28.2019202,,NO
7916639153,7916639153,70.1973116,28.2018419,,NO
7924979685,7924979685,66.5969531,19.8302204,,SE
7955534734,7955534734,66.6977133,25.1594301,Ahvenlampi laavu,FI
7955534836,7955534836,66.6976644,25.1959035,Särkilampi laavu,FI
7955869950,7955869950,66.7053138,25.1692885,Keski-Peurajärvi laavu,FI
7955869994,7955869994,66.7041887,25.1520506,Keski-Peurajärvi kota,FI
8081777184,8081777184,66.7583518,28.3046807,Lapalampi laavu,FI
8087887743,8087887743,68.2289499,27.4744738,Kaptukaislammi laavu,FI
8109048017,8109048017,67.9264597,20.3465607,Skyvillage,SE
8263468117,8263468117,67.906659,20.3468518,,SE
8293022150,8293022150,69.8197273,20.8063366,,NO
8293022151,8293022151,69.8197791,20.8058189,,NO
8293022152,8293022152,69.8198707,20.805328,,NO
8531675246,8531675246,69.6950276,18.9853896,,NO
8601994259,8601994259,67.1058673,27.4524361,,FI
8601994260,8601994260,67.1112311,27.4954534,,FI
8687913383,8687913383,70.6018868,25.0702494,Stohpojohka,NO
8688042022,8688042022,70.7694547,25.2902773,Várdánčohkka,NO
8785085042,8785085042,67.424678,24.4336831,Rahkajärven laavu,FI
8851236696,8851236696,70.0906219,29.6938327,,NO
8851236934,8851236934,70.0857785,29.7016432,,NO
8851300331,8851300331,70.0913612,29.7168643,,NO
8851300395,8851300395,70.0874479,29.7357952,,NO
8860872617,8860872617,68.1464608,25.8329748,,FI
8901520321,8901520321,68.5527689,14.6224066,,NO
8976908335,8976908335,67.7703937,24.6968119,Kätkänlaavu,FI
8999433197,8999433197,66.7667608,28.7625501,,FI
9006091717,9006091717,68.4919473,16.7132595,,NO
9064066821,9064066821,66.9497314,13.9416142,Gammen,NO
9119509055,9119509055,67.5391794,22.6411135,,SE
9216710829,9216710829,67.3152209,14.4778303,Kvaermannsbu,NO
9450354183,9450354183,66.9956047,27.5065571,,FI
9522276222,9522276222,66.8708695,13.7064654,,NO
9553080894,9553080894,69.4029225,18.2314181,Seljebakken,NO
9553087333,9553087333,69.3424854,18.141401,Gaukarhuken,NO
9555105439,9555105439,69.4583334,18.2568924,Øvre Fjellmyr,NO
9606935556,9606935556,69.2843689,22.0474195,Luovdigammen/Arthurgammen,NO
9608386973,9608386973,67.1227862,27.2473969,Kaikokangas laavu,FI
9611412382,9611412382,67.5731669,22.7889596,VindSkydd,SE
9631626379,9631626379,69.3475972,21.8756298,Vuomatakka,NO
9633155601,9633155601,66.6135417,27.9028446,Laavu,FI
9810716455,9810716455,70.1687404,19.8054256,Gammelhuset i Skipsfjorden,NO
9810716462,9810716462,70.0679882,23.5968634,Sarveshytta,NO
9810716466,9810716466,69.728929,18.5432576,Hollenderhytta,NO
9810716467,9810716467,69.4002876,20.0529055,Rullebu,NO
9810716469,9810716469,69.4685862,19.5386098,Storsteinen,NO
9810716475,9810716475,69.0931311,21.9615289,Deatnomuotki,NO
9810716481,9810716481,69.4580227,29.6437436,Bjørnhytta,NO
9810716482,9810716482,69.6591772,20.2234461,Fastdalshytta / Goalborrihytta,NO
9810716517,9810716517,68.2630707,14.5035579,Nøkksætra,NO
9810716520,9810716520,67.1841612,14.4112155,Gjælentunet,NO
9812364087,9812364087,68.051323,16.6756845,,NO
9812364097,9812364097,66.6861911,15.042832,Steinstua,NO
9812364098,9812364098,68.8289286,20.2835565,Stor Rostahytta,NO
9812364106,9812364106,68.599072,17.8311755,Slottet,NO
9812364113,9812364113,68.7466555,19.7283397,Fossbua,NO
9812364114,9812364114,68.6982889,18.959161,Koievassbua,NO
9812364115,9812364115,69.1512635,29.1009012,Gjøkvassbu,NO
9812364118,9812364118,66.8393749,14.702059,Reinhagen,NO
9812364124,9812364124,68.5703706,18.5961379,Stággonjunni,NO
9812364140,9812364140,68.1071442,13.1043335,Stokkvikbua,NO
9812364144,9812364144,67.9956879,16.6875639,,NO
9812364146,9812364146,69.1252383,28.816616,Pilolaporten,NO
9812364147,9812364147,66.7351316,14.5751447,Staupådalsbua,NO
9812364151,9812364151,68.538213,17.8890036,Nævrastua,NO
9812364156,9812364156,69.3609471,17.698594,Heggedalshytta,NO
9812364158,9812364158,69.6665325,30.0567372,Lionshytta,NO
9812364168,9812364168,69.6938729,18.8572414,Tussehuken,NO
9812364172,9812364172,68.0260053,16.6811823,,NO
9812364185,9812364185,67.3460704,14.662062,Hansbu,NO
9812364188,9812364188,68.583289,17.4446929,,NO
9812364205,9812364205,70.6620049,25.1206982,,NO
9812364208,9812364208,68.7612297,19.712751,Veslnesbua,NO
9812364213,9812364213,70.6488366,23.8294118,Glimmervannshytta,NO
9812364216,9812364216,68.0530729,16.8031573,,NO
9812364217,9812364217,68.1077983,16.3529985,Sparebank Narvik hytta,NO
9812364221,9812364221,68.9259334,20.1855632,Moskanhytta,NO
9812364222,9812364222,69.6438228,30.0482339,Vardenhytta,NO
9812364225,9812364225,66.8499235,14.731224,Kvasshåghytta,NO
9812364228,9812364228,70.6347452,23.7893198,Rundvannshytta,NO
9812364238,9812364238,67.8084656,16.6202594,,NO
9812364239,9812364239,69.1596066,28.9773487,Sortbrysttjern koia,NO
9812364240,9812364240,68.6910567,16.4242085,Allmenningsbua,NO
9833909295,9833909295,68.6148241,16.6437157,,NO
9833909297,9833909297,67.3956599,15.3726612,,NO
9833909299,9833909299,68.093148,13.2951706,,NO
9833909301,9833909301,68.598124,17.401726,Gapahuken i Revdalen,NO
9833909304,9833909304,69.8271244,18.8155497,,NO
9833909306,9833909306,66.9383107,15.0426012,Gamme Storoksvatn,NO
9833909308,9833909308,69.4118311,19.6713938,Kaffehola,NO
9833909311,9833909311,66.7840591,15.4686533,Gapahuk,NO
9833914318,9833914318,68.1682449,14.6846463,,NO
9833914330,9833914330,68.7841221,16.1512822,Trastadgammen,NO
9833914338,9833914338,68.236453,13.6884298,,NO
9833914344,9833914344,69.9427293,19.7319216,,NO
9833914350,9833914350,68.3564368,16.6520579,Grillkåte,NO
9833914351,9833914351,68.699569,17.1277019,Gapahuken i Vakkerstadlia,NO
9833914357,9833914357,70.6738354,29.0616067,,NO
9833914363,9833914363,68.7777084,16.2014674,Rågammen,NO
9833914369,9833914369,68.0938818,13.5032319,,NO
9833914372,9833914372,66.6029519,15.0650011,Kvitsteinelvkøta,NO
9833914373,9833914373,68.7042499,15.3731134,,NO
9833914377,9833914377,69.9640531,19.6050125,,NO
9833914385,9833914385,68.4157448,17.4384315,,NO
9833914386,9833914386,68.6650593,17.0750223,Gapahuken på Myklevollkollen,NO
9833914390,9833914390,68.8750534,17.8627265,Lysløypa,NO
9833914392,9833914392,68.7202443,14.4428296,,NO
9833914393,9833914393,69.1335365,28.9032929,Ellenvasskoia,NO
9833914395,9833914395,69.8105094,18.7896689,,NO
9833914398,9833914398,66.8204538,15.3788357,Gapahuk Skogvoktergården,NO
9833914408,9833914408,68.7949081,16.5727241,,NO
9833914414,9833914414,68.1646486,13.6714803,,NO
9833914415,9833914415,66.5716995,15.3390097,,NO
9833914420,9833914420,67.9534332,16.8148026,,NO
9833914421,9833914421,66.7792106,14.2897035,Kvitsteindalsgammen,NO
9833914423,9833914423,70.7176,23.6904766,,NO
9833914425,9833914425,68.6680017,17.1121868,Gapahuken på Sandneset,NO
9833914426,9833914426,67.4137704,15.3802512,,NO
9833914433,9833914433,69.4266299,19.6622628,,NO
9833914434,9833914434,67.7831355,15.9687069,Gapahuk,NO
9833914438,9833914438,69.7508683,18.9316751,,NO
9833914449,9833914449,67.4543871,15.9408608,Sørengamma,NO
9833914450,9833914450,68.2014074,13.7483702,,NO
9833914455,9833914455,68.2629398,14.3904594,,NO
9864505592,9864505592,67.11906,18.4095345,,SE
9867387601,9867387601,68.7262684,16.4427267,Finnjonsgamma,NO
9871804477,9871804477,67.9916877,19.9229627,,SE
9871840000,9871840000,67.9922174,19.9242638,,SE
9874479667,9874479667,68.4356843,18.6185429,,SE
9885766917,9885766917,67.3067396,26.6977959,,FI
9894146909,9894146909,68.9751892,15.6374016,,NO
9917029348,9917029348,68.2544822,23.992811,Hietajärvi Lean-To,FI
9932035288,9932035288,68.2621867,24.7730458,Puljutunturin laavu,FI
9938757938,9938757938,67.3734621,26.8619247,Suitsikota,FI
9977332618,9977332618,69.6834656,18.7362951,,NO
10010514870,10010514870,69.4021478,18.7244877,,NO
10012737212,10012737212,69.6818248,18.6068796,Lavvo,NO
10012749918,10012749918,69.8087139,18.9508474,Lavvo Rakfjorddalen,NO
10013069532,10013069532,70.4773264,28.0540113,Bagjestuva,NO
10015246274,10015246274,69.2848795,18.0027576,Gapahuk,NO
10015282981,10015282981,69.5054275,17.4851274,,NO
10015473556,10015473556,69.3376272,18.5549191,Varto gapahuk,NO
10015561731,10015561731,69.2775135,18.3912273,Vassbrunagammen,NO
10015596216,10015596216,69.2350582,17.5499457,,NO
10015624219,10015624219,69.2228057,17.5609508,,NO
10031026082,10031026082,68.7386615,16.496087,Gapahuk,NO
10031794447,10031794447,68.4768734,16.8448412,Gapahuk Veten,NO
10034725747,10034725747,68.0967296,15.8941859,,NO
10035778378,10035778378,67.4061415,15.3374317,Gapahuk Svartvatnet,NO
10059404619,10059404619,66.9332986,21.5026964,,SE
10142639753,10142639753,69.4280131,21.6301183,,NO
10162688940,10162688940,67.8783747,20.1585107,,SE
10197762556,10197762556,66.945164,17.654517,,SE
10594775177,10594775177,67.5894987,24.2026315,,FI
10671237415,10671237415,70.9721544,25.9893581,,NO
10690510205,10690510205,68.6049576,14.5129204,Uværshula Bø,NO
10697420952,10697420952,68.3963423,18.6700714,,SE
10709733198,10709733198,66.6309356,25.2653584,,FI
10751416497,10751416497,68.7985528,16.4839875,,NO
10771087265,10771087265,66.9943511,27.2509244,Sieniselkä kota,FI
10774807250,10774807250,67.3948776,24.1892658,Rantaherkko laavu,FI
10779169157,10779169157,68.6526491,14.6325665,,NO
10792608507,10792608507,68.2581706,28.2579134,,FI
10862894503,10862894503,66.8942318,26.1976043,,FI
10863657274,10863657274,68.8636206,17.8407999,Gapahuken på Hundbergan,NO
10885842823,10885842823,66.6538695,25.2882229,,FI
10934584882,10934584882,66.5817412,24.4077819,,FI
10980103006,10980103006,67.272761,17.8085214,,SE
10985290117,10985290117,69.602684,18.9452559,Dyrk Kaldslett,NO
11051017207,11051017207,67.2403061,16.5911101,winter shelter and emergency telephone,SE
11052308184,11052308184,69.5083184,17.9032061,,NO
11052308557,11052308557,69.5083448,17.9029802,,NO
11052315644,11052315644,69.5083305,17.9030759,,NO
11061274676,11061274676,68.2215302,14.4612177,Madsvatnet,NO
11066518705,11066518705,67.269709,15.4439082,,NO
11066737105,11066737105,67.2772931,15.4535914,,NO
11066943705,11066943705,67.2776657,15.4975529,,NO
11066943805,11066943805,67.2774635,15.4972278,,NO
11067018505,11067018505,67.268702,15.4568752,,NO
11069334240,11069334240,71.1123215,25.8234702,,NO
11069334351,11069334351,70.9825207,25.9666892,,NO
11071734503,11071734503,69.4967798,17.4804028,,NO
11071766586,11071766586,69.5100796,17.4246465,,NO
11071773088,11071773088,69.5121196,17.4334882,,NO
11071802769,11071802769,69.4968216,17.4831288,,NO
11071806948,11071806948,69.5214796,17.4287158,viewpoint shelter,NO
11108464770,11108464770,69.6473002,18.9398772,Alfheim gapahuk,NO
11109523603,11109523603,67.3036656,22.607179,,SE
11109930667,11109930667,67.3518226,22.6138405,,SE
11120943006,11120943006,68.5685396,14.9209705,,NO
11121745944,11121745944,69.9727579,23.1084458,,NO
11137090603,11137090603,67.5973096,26.1762681,Tikkalaavu,FI
11137090604,11137090604,67.5673641,26.2053707,Ristilaki Laavu,FI
11163807506,11163807506,69.5213889,17.4286908,,NO
11253695378,11253695378,69.7512114,19.9589787,,NO
11300431545,11300431545,67.6904602,21.4277989,,SE
11300452758,11300452758,69.2278147,17.8482788,,NO
11300471515,11300471515,67.8086843,21.6090287,,SE
11300471611,11300471611,69.3626039,17.0527762,,NO
11300494149,11300494149,68.9679813,15.639481,,NO
11349109198,11349109198,68.225085,13.9056811,,NO
11407353130,11407353130,68.8465805,28.3137835,,FI
11407492108,11407492108,68.8448391,28.3219498,,FI
11416829577,11416829577,68.8466447,28.3117529,,FI
11472382128,11472382128,66.5784906,26.0155028,,FI
11472399021,11472399021,66.5688313,25.7377708,,FI
11661230908,11661230908,69.3576383,21.8271632,,NO
11661418883,11661418883,69.9072723,23.2790536,,NO
11662966729,11662966729,68.6879923,19.7718369,,NO
11669743464,11669743464,68.4401013,17.3962377,,NO
11669743466,11669743466,68.4453904,17.435597,,NO
11673243400,11673243400,68.1287347,13.8244663,,NO
11687655862,11687655862,70.1319737,28.6675321,Bigganestillien - Oaibahčannjárga,NO
11709126596,11709126596,66.8489679,21.9049566,,SE
11750306952,11750306952,69.5852791,18.6242129,,NO
11750306953,11750306953,69.6205942,18.6647379,,NO
11978656869,11978656869,66.8161715,15.3910483,,NO
11978668170,11978668170,66.8150815,15.3845936,,NO
11992062070,11992062070,69.1973759,17.4137237,,NO
11992070769,11992070769,69.1974223,17.4324638,,NO
11993446069,11993446069,68.2599735,14.2717142,,NO
11993520269,11993520269,69.1701108,17.3913087,,NO
11998579470,11998579470,68.5944229,16.5905674,,NO
12002371406,12002371406,66.9436749,13.5911026,,NO
12002532582,12002532582,66.9606189,13.8043402,,NO
12006697827,12006697827,67.2509927,14.7073688,,NO
12007047020,12007047020,67.2383176,14.7089265,,NO
12009163351,12009163351,67.2906622,14.6273231,,NO
12009174626,12009174626,67.0869603,24.5963203,Erakko Heikkisen kämppä,FI
12009249486,12009249486,67.2805575,14.5398943,,NO
12009832654,12009832654,68.1303213,23.1076455,,SE
12009854567,12009854567,67.8383031,23.1886109,,SE
12012162349,12012162349,68.1529258,24.1197018,,FI
12012388169,12012388169,68.3643132,22.1823823,,SE
12012587269,12012587269,68.3643471,22.182523,,SE
12014658870,12014658870,68.2817253,22.159965,Siilasjärvi,SE
12022635706,12022635706,68.1952849,13.9406137,,NO
12023226400,12023226400,68.2624595,14.241309,,NO
12025596364,12025596364,68.2042821,14.2406176,,NO
12025603943,12025603943,70.2468877,22.3639806,,NO
12025865598,12025865598,68.2137503,14.3970863,,NO
12033288221,12033288221,68.4417911,22.4756915,,SE
12035529519,12035529519,67.5532504,24.2599878,,FI
12037256509,12037256509,69.5011105,17.6201413,Brorbua,NO
12040496196,12040496196,68.9504928,15.6569568,,NO
12040498047,12040498047,68.7215652,15.521532,,NO
12040498048,12040498048,68.999356,15.6339058,,NO
12040525159,12040525159,68.5019727,14.8245052,,NO
12040533543,12040533543,68.5879484,14.9694751,,NO
12040534888,12040534888,68.7729032,15.4778242,,NO
12040535905,12040535905,68.8128764,15.5430743,,NO
12040540796,12040540796,68.5028712,14.8503578,,NO
12040541269,12040541269,68.8552276,15.5645778,,NO
12041992137,12041992137,69.381523,17.1067132,,NO
12042014626,12042014626,69.358419,17.0849938,,NO
12044574916,12044574916,69.2563567,17.5892277,,NO
12047425643,12047425643,69.2356352,18.0904625,,NO
12049113315,12049113315,69.1675408,18.5274905,,NO
12049147024,12049147024,69.2514807,18.161792,,NO
12049158408,12049158408,69.2514421,18.163675,,NO
12051067130,12051067130,68.3920977,18.7063217,,SE
12052973795,12052973795,69.2120275,19.1213891,,NO
12052977406,12052977406,69.4390866,20.1241557,,NO
12053160606,12053160606,69.5096657,20.212608,,NO
12054014092,12054014092,69.7901925,20.6865655,,NO
12055103445,12055103445,69.8029208,21.1382291,,NO
12055104244,12055104244,69.817318,20.864768,,NO
12055131370,12055131370,69.7927838,20.9402909,,NO
12055278330,12055278330,69.8529658,21.2287764,,NO
12055290275,12055290275,69.8745374,21.2039412,,NO
12056958753,12056958753,69.9064913,21.3277526,,NO
12057004429,12057004429,69.8440555,21.8241568,,NO
12057347849,12057347849,69.938457,22.0519304,,NO
12057361578,12057361578,69.8665718,21.9934792,,NO
12057906746,12057906746,70.0275032,22.0921445,,NO
12059489305,12059489305,70.0282208,22.0292086,,NO
12061023882,12061023882,70.0832561,22.0088156,,NO
12061154058,12061154058,70.0309653,22.1144933,,NO
12065257969,12065257969,69.9706208,23.4410336,,NO
12068472283,12068472283,70.6279918,25.3344698,,NO
12068496426,12068496426,70.6281439,25.3343406,,NO
12071374877,12071374877,69.3858278,20.2588041,,NO
12073300450,12073300450,70.9551606,25.7034747,,NO
12076776126,12076776126,70.998325,25.9680934,,NO
12081631141,12081631141,70.4556748,26.9097863,,NO
12085903283,12085903283,69.9757382,24.9647514,,NO
12085917800,12085917800,70.0517162,25.0108459,,NO
12085922516,12085922516,69.836797,25.0928455,,NO
12085942735,12085942735,70.0607255,25.1231104,,NO
12085945524,12085945524,69.8403755,25.0766969,,NO
12085945973,12085945973,69.9755468,24.9646153,,NO
12091701622,12091701622,68.0919648,13.5069446,,NO
12095419332,12095419332,68.90224,27.0353236,,FI
12095465140,12095465140,68.3347938,27.3322894,,FI
12095469062,12095469062,68.6061988,27.4862889,,FI
12096649820,12096649820,69.4110846,28.3941753,,FI
12100319897,12100319897,68.1010671,27.1213769,,FI
12100355392,12100355392,68.1013704,27.1219477,,FI
12100359084,12100359084,67.5772767,26.7397683,,FI
12100368271,12100368271,67.2941452,26.6908202,,FI
12100371912,12100371912,67.4118349,26.5850888,,FI
12101777786,12101777786,66.963045,27.5047948,,FI
12102829854,12102829854,66.7433039,27.353019,,FI
12102899677,12102899677,66.9034225,27.4458263,,FI
12102913568,12102913568,66.7492388,27.3468754,,FI
12120284265,12120284265,68.8988574,26.9654343,,FI
12125018871,12125018871,70.0538452,22.9844241,,NO
12125018872,12125018872,70.0540091,22.9845174,,NO
12128351818,12128351818,68.0355186,15.3710713,,NO
12133969032,12133969032,69.9720653,23.3839024,,NO
12186891340,12186891340,66.7594035,23.8835673,Hirvaskoski,FI
12186891341,12186891341,66.7488878,23.8909575,Valkeakoski,FI
12191665417,12191665417,67.6299226,26.2369449,Grillikota,FI
12194386063,12194386063,69.69234,29.371485,,NO
12231495241,12231495241,69.9788805,23.2623337,,NO
12231495245,12231495245,69.9791742,23.2623721,,NO
12231495247,12231495247,69.9789718,23.262287,,NO
12269138764,12269138764,69.2186117,19.5583028,,NO
12269220023,12269220023,68.6816875,16.7987521,,NO
12291595673,12291595673,69.0590704,20.7952699,Saanan kota,FI
12346079592,12346079592,66.5947566,24.6768383,,FI
12447430065,12447430065,66.7593366,15.9125689,,SE
12463926279,12463926279,69.7244461,30.8871432,Revebua,NO
12485271142,12485271142,69.6044389,20.5569025,,NO
12550834177,12550834177,70.0405502,20.9998894,,NO
12570838551,12570838551,69.6061415,20.6058497,Turf Hut,NO
12588996750,12588996750,67.4134973,26.5822309,Puolikota,FI
12601261901,12601261901,69.9326227,23.2589825,,NO
12622680467,12622680467,66.7117977,27.3947833,,FI
12630023642,12630023642,66.7646171,28.6660509,Lassin Laavu,FI
12644084475,12644084475,67.8971499,20.9851514,,SE
12644091648,12644091648,67.8929586,21.0055535,,SE
12673772061,12673772061,68.7684982,16.5179186,Landsåsmyra,NO
12734558943,12734558943,67.0079043,19.7262561,,SE
12739559180,12739559180,69.3823664,20.2645843,,NO
12762035802,12762035802,66.625066,20.2330937,,SE
12839768249,12839768249,67.0174318,27.2451638,,FI
12841616568,12841616568,67.4607762,21.786351,,SE
12841616592,12841616592,67.4660053,21.796192,,SE
12849398901,12849398901,68.2189069,14.4797938,Filipstua,NO
12850507401,12850507401,68.2196637,14.468006,,NO
12856098701,12856098701,68.2623284,14.3874393,Botnkoia - Åpen koie,NO
12865287201,12865287201,68.7946251,16.5069008,Folkeparken,NO
12868300901,12868300901,68.7930504,16.4929318,Grunnvatnet,NO
12868308302,12868308302,68.7933649,16.4889214,Utsikten,NO
12870158201,12870158201,68.7950939,16.5037876,Tufteparken,NO
12875273508,12875273508,68.2775606,13.5794432,,NO
12912083877,12912083877,69.7231955,19.8833384,,NO
13007421788,13007421788,68.5944841,16.5904312,,NO
13020817738,13020817738,67.5280353,24.1251169,,FI
13028540457,13028540457,67.2282321,14.6035573,Big bus stop,NO
13033246255,13033246255,67.2896583,14.4627899,,NO
13033528715,13033528715,68.8756188,17.8320482,,NO
13040893650,13040893650,68.5766021,14.6458111,Uværshula,NO
13043215448,13043215448,68.0807711,13.1551382,Gapahauk,NO
13049703678,13049703678,68.1068629,23.3419816,,FI
13056361939,13056361939,68.2441667,13.7845531,,NO
13062386199,13062386199,71.0312066,25.8995835,,NO
13088745740,13088745740,67.1624496,26.921641,Auroralammen puolikota,FI
13130451899,13130451899,69.2473531,17.2124972,,NO
13131564501,13131564501,67.0520746,14.0532469,,NO
13133422473,13133422473,66.8111722,22.1664651,,SE
13135039801,13135039801,69.301671,17.3758837,,NO
13147654602,13147654602,68.4036,18.3924562,,SE
13159621681,13159621681,70.6322051,29.7028011,,NO
13193118201,13193118201,67.0855442,20.3471595,,SE
13236241852,13236241852,67.3532233,26.6757086,Jänkälaavu,FI
13247363701,13247363701,71.0921447,28.1887989,,NO
13260032837,13260032837,69.0412323,15.5079253,Mamelkroken Birdspotting,NO
13272353885,13272353885,68.6597504,27.5459153,,FI
13295680981,13295680981,66.5947491,24.676845,,FI
